1. Stanford University 
Alex Aiken aiken@cs.stanford.edu (Chair) (emailed Mon Oct 02 2017)
Mehran Sahami sahami@cs.stanford.edu (Associate Chair, Educational Affairs) (emailed Mon Oct 02 2017)
Maneesh Agrawala maneesh@cs.stanford.edu (Computer Graphics) (emailed Mon Oct 02 2017)
Ron Fedkiw fedkiw@cs.stanford.edu (Computer Graphics) (emailed Mon Oct 02 2017)
Leonidas Guibas guibas@cs.stanford.edu (Computer Graphics) (emailed Mon Oct 02 2017)
Patrick Hanrahan hanrahan@cs.stanford.edu (Computer Graphics) (emailed Mon Oct 02 2017)
Doug James djames@cs.stanford.edu (Computer Graphics) (emailed Mon Oct 02 2017)
Marc Levoy levoy@cs.stanford.edu (Emeritus Computer Graphics and Google) (emailed Mon Oct 02 2017)




2. Massachusetts Institute of Technology
Rob Miller rcm@mit.edu (Chair)
Wojciech Matusik wojciech@csail.mit.edu (CAD?)


3. University of California Berkeley
James Demmel demmel@cs.berkeley.edu (Chair)
Ruzena Bajcsy bajcsy@eecs.berkeley.edu (graphics)
Brian Barsky barsky@berkeley.edu (graphics)
John Canny jfc@cs.berkeley.edu (graphics)
Alexei Efros efros@eecs.berkeley.edu (graphics)
Dan Garcia ddgarcia@cs.berkeley.edu (graphics)
Susan Graham graham@cs.berkeley.edu (graphics)
Bjorn Hartmann bjoern@eecs.berkeley.edu (graphics)
Michael Lustig mlustig@eecs.berkeley.edu (graphics)
Jitendra Malik malik@berkeley.edu (graphics)
Ren Ng ren@eecs.berkeley.edu (graphics)
James O’Brien job@eecs.berkeley.edu (graphics)
Carlo Sequin sequin@cs.berkeley.edu (emeritus graphics)
Jonathan Shewchuk jrs@cs.berkeley.edu (graphics)
Laura Waller waller@berkeley.edu (graphics)


4. Princeton University
Jennifer Rexford jrex@cs.princeton.edu (chair)
Szymon Rusinkiewicz smr@cs.princeton.edu (associate chair)
Bernard Chazelle chazelle@cs.princeton.edu (computational geometry)
Robert Tarjan ret@cs.princeton.edu (on leave computational geometry)
Adam Finkelstein af@cs.princeton.edu (graphics)
Thomas Funkhouser funk@cs.princeton.edu (graphics)


5. Carnegie Mellon University
Frank Pfenning fp@cs.cmu.edu (chair)
Abhinav Gupta abhinavg@cs.cmu.edu (graphics)
Kayvon Fatahalian kayvonf@cs.cmu.edu (graphics)
Andre Platzet aplatzer@cs.cmu.edu (mathematics)

6. Cornell University
Serge Belongie sjb344@cornell.edu (graphics)
Shimon Edelman se37@cornell.edu
Donald Greenberg dpg5@cornell.edu (director of computer graphics group)


7. University of Southern California 
Jernej Barbic jnb@usc.edu
Paul Debevec paul@debevec.org
Ulirich Neumann uneumann@usc.edu
Suya You suyay@graphics.usc.edu


8. The University of Texas at Austin
Chandrajit Bajaj bajaj@cs.utexas.edu
Don Fussell fussell@cs.utexas.edu
Qixing Huang huangqx@cs.utexas.edu
Philipp Kraehenbuehl  philkr@cs.utexas.edu
Etienne Vouga evouga@cs.utexas.edu


9. Harvard University
David Cox davidcox@seas.harvard.edu
Krzysztof Gajos kgajos@seas.harvard.edu
Steven Gortler sjg@cs.harvard.edu
Hanspeter Pfister pfister@seas.harvard.edu
Todd Zickler zickler@seas.harvard.edu


10. California Institute of Technology


11. University of Illinois at Urbana-Champaign
Brian P. Bailey bpbailey@illinois.edu
David Alexander Forsyth daf@illinois.edu
Wai-Tat Fu wfu@illinois.edu
John C. Hart jch@illinois.edu
Karrie Karahalios kkarahal@illinois.edu
Alex Kirlik kirlik@illinois.edu
Ranjitha Kumar ranjitha@illinois.edu
Steven M. LaValle lavalle@illinois.edu
Hari Sundaram hs1@illinois.edu


12. University of Maryland College Park


13. University of California San Diego


14. University of Michigan Ann Arbor
Sugih Jamin sugih@umich.edu
Brian Noble bnoble@umich.edu


15. Purdue University
Daniel Aliaga aliaga@cs.purdue.edu
Christoph M. Hoffmann cmh@cs.purdue.edu
Voicu S. Popescu popescu@cs.purdue.edu
Elisha Sacks elisha.sacks@gmail.com
Xavier Tricoche xmt@purdue.edu


16. Columbia University


17. University of Washington
Brian Curless curless@cs.washington.edu (graphics) (emailed Sun Oct 01 2017)(wrote back and said he'd share it with his class)
Ali Farhadi ali@cs.washington.edu (graphics) (emailed Sun Oct 01 2017)
Jeffrey Heer jheer@cs.washington.edu (graphics) (emailed Sun Oct 01 2017)
Ira Kemelmacher-Shlitzerman kemelmi@cs.washington.edu (graphics) (emailed Sun Oct 01 2017)
Zoran Popovic zoran@cs.washington.edu (graphics) (emailed Sun Oct 01 2017)
Steven Seitz seitz@cs.washington.edu (graphics) (emailed Sun Oct 01 2017)
Linda Shapiro shapiro@cs.washington.edu (graphics) (emailed Sun Oct 01 2017)
Ed Lazowska lazowska@cs.washington.edu (former chair) (emailed Sun Oct 01 2017)


18. Georgia Institute of Technology
Karen Liu karenliu@cc.gatech.edu
Jarek Rossignac jarek.rossignac@gvu.gatech.edu
Greg Turk gregory.turk@cc.gatech.edu


19. University of California Los Angeles
David Heckerman heckerma@hotmail.com
Alan Kay alan.kay@squeakland.org
Demetri Terzopoulos dt@cs.ucla.edu


20. Yale University
Julie Dorsey julie.dorsey@yale.edu
Holly Rushmeier@yale.edu

21. University of Utah
Elaine Cohen cohen@cs.utah.edu (emailed Mon Oct 02 2017) (followup PS on Mon Oct 09 2017)
Chuck Hansen hansen@cs.utah.edu (emailed Mon Oct 02 2017)(followup PS on Mon Oct 09 2017)
David Johnson dejohnso@cs.utah.edu (emailed Mon Oct 02 2017)(followup PS on Mon Oct 09 2017)
Ben Jones benjones@cs.utah.edu (emailed Mon Oct 02 2017)(followup PS on Mon Oct 09 2017)
Ladislav Kavan ladislav@cs.utah.edu (emailed Mon Oct 02 2017)(followup PS on Mon Oct 09 2017)
Daniel Kopta dkopta@cs.utah.edu (emailed Mon Oct 02 2017)(followup PS on Mon Oct 09 2017)
Valerio Pascucci pascucci@sci.utah.edu (emailed Mon Oct 02 2017)(followup PS on Mon Oct 09 2017)
Jeff Phillips jeffp@cs.utah.edu (emailed Mon Oct 02 2017)(followup PS on Mon Oct 09 2017)
Ross Whitaker whitaker@cs.utah.edu (emailed Mon Oct 02 2017)(followup PS on Mon Oct 09 2017)
Joe Zachary zachary@cs.utah.edu (emailed Mon Oct 02 2017)(followup PS on Mon Oct 09 2017)
Richard Riesenfeld Richard.Riesenfeld@gmail.com (emailed Mon Oct 02 2017)(followup PS on Mon Oct 09 2017)
Christopher Johnson crj@sci.utah.edu (emailed Mon Oct 02 2017)(followup PS on Mon Oct 09 2017)

22. Brigham Young University
Tom Sederberg tom@cs.byu.edu (emailed Thu Sep 21 2017) (got nice reply)

23.  Temple University
Slobodan Vucetic slobodan.vucetic@temple.edu

24. University of Wisconsin Madison
Eftychios Sifakis sifakis@cs.wisc.edu
Michael Gleicher gleicher@cs.wisc.edu

25. University of Wisconsin Milwaukee
Adrian Dumitrescu dumitres@uwm.edu

26.  Seattle University
Adair Dingle dingle@seattleu.edu (emailed Tue Oct 03 2017)
Jeff Gilles gillesj@seattleu.edu (emailed Tue Oct 03 2017)
Israel Hilerio hilerioi@seattleu.edu (emailed Tue Oct 03 2017)
Pejman Khadavi khadivip@seattleu.edu (emailed Tue Oct 03 2017)
Michael Koenig koenigm@seattleu.edu (emailed Tue Oct 03 2017)
Eric Larson elarson@seattleu.edu (emailed Tue Oct 03 2017)
Rich LeBlanc leblanc@seattleu.edu (emailed Tue Oct 03 2017)
Lin Li lil@seattleu.edu (emailed Tue Oct 03 2017)
David Lillethun lillethd@seattleu.edu (emailed Tue Oct 03 2017)
Kevin Lundeen lundeenk@seattleu.edu (emailed Tue Oct 03 2017)
Aditya Mishra mishraa@seattleu.edu (emailed Tue Oct 03 2017)
Sheila Oh ohsh@seattleu.edu (emailed Tue Oct 03 2017)
Renny Philipose philipr@seattleu.edu (emailed Tue Oct 03 2017)
Michael Quinn quinnm@seattleu.edu (emailed Tue Oct 03 2017)
Susan Reeder sreeder@seattleu.edu (emailed Tue Oct 03 2017)
Roshanak Roshandel roshanak@seattleu.edu (emailed Tue Oct 03 2017)
Michael Smith mikesme@seattleu.edu (emailed Tue Oct 03 2017)
Jason Wong wongja@seattleu.edu (emailed Tue Oct 03 2017)
Yingwu Zhu zhuy@seattleu.edu (emailed Tue Oct 03 2017)

27. University of Wisconsin Stevens Point
Andy Felt afelt@uwsp.edu (In math department but teaches mathematics for computer science course) (emailed Sat Sep 23 2017)

28. Mathematics Departments
University of Washington - Ron Irving - chair@math.washington.edu (emailed Wed Oct 04 2017)(followup PS on Mon Oct 09 2017)
Seattle University - Dylan Helliwell - helliwed@seattleu.edu (emailed Wed Oct 04 2017)(followup PS on Mon Oct 09 2017)
Seattle Pacific University - Brian Gill - bgill@spu.edu (emailed Wed Oct 04 2017)(followup PS on Mon Oct 09 2017)
Boise State University - Leming Qu - lqu@boisestate.edu (emailed Wed Oct 04 2017)(followup PS on Mon Oct 09 2017)
University of Wisconsin - Madison - Gloria Marí Beffa - maribeff@math.wisc.edu (emailed Wed Oct 04 2017)(followup PS on Mon Oct 09 2017)
University of Wisconsin - Milwaukee - Bruce Wade - wade@uwm.edu (emailed Wed Oct 04 2017)(followup PS on Mon Oct 09 2017)
Stanford University - Eleny Ionel - ionel@math.stanford.edu (emailed Wed Oct 04 2017)(followup PS on Mon Oct 09 2017)
University of California - Berkeley - Martin Olsson - molsson%40math.berkeley.edu (emailed Wed Oct 04 2017)(followup PS on Mon Oct 09 2017)
University of California - Los Angeles - William Duke - wdduke@ucla.edu (emailed Wed Oct 04 2017)(followup PS on Mon Oct 09 2017)
Temple University - Irina Mitrea - imitrea@temple.edu (emailed Wed Oct 04 2017)(followup PS on Mon Oct 09 2017)
Texas A & M - Ronald De Vore - rdevore@math.tamu.edu (emailed Sun Oct 15 2017)

29. University of California at Davis
Rida Farouki - farouk@ucdavis.edu (emailed Sat Oct 28 2017)
